{
  "000_000": {
    "edges": [
      "000_001",
      "000_012"
    ],
    "local_location": [
      -0.437827467918396,
      2.058824300765991,
      0.0
    ]
  },
  "000_001": {
    "edges": [
      "000_000",
      "000_002",
      "000_012"
    ],
    "local_location": [
      1.253877878189087,
      2.074030876159668,
      0.0
    ]
  },
  "000_002": {
    "edges": [
      "000_001",
      "000_003"
    ],
    "local_location": [
      2.85380220413208,
      2.101470470428467,
      0.0
    ]
  },
  "000_003": {
    "edges": [
      "000_002",
      "000_004"
    ],
    "local_location": [
      2.9537405967712402,
      4.130542755126953,
      0.0
    ]
  },
  "000_004": {
    "edges": [
      "000_003",
      "000_005"
    ],
    "local_location": [
      2.9181432723999023,
      5.8267107009887695,
      0.0
    ]
  },
  "000_005": {
    "edges": [
      "000_004",
      "000_006"
    ],
    "local_location": [
      3.117523670196533,
      8.044200897216797,
      0.0
    ]
  },
  "000_006": {
    "edges": [
      "000_005",
      "000_007"
    ],
    "local_location": [
      3.288304328918457,
      9.090316772460938,
      0.0
    ]
  },
  "000_007": {
    "edges": [
      "000_006",
      "000_008"
    ],
    "local_location": [
      1.548490047454834,
      9.236014366149902,
      0.0
    ]
  },
  "000_008": {
    "edges": [
      "000_007",
      "000_009"
    ],
    "local_location": [
      -0.6687382459640503,
      9.211742401123047,
      0.0
    ]
  },
  "000_009": {
    "edges": [
      "000_008",
      "000_010"
    ],
    "local_location": [
      -0.758276104927063,
      7.346436023712158,
      0.0
    ]
  },
  "000_010": {
    "edges": [
      "000_009",
      "000_011"
    ],
    "local_location": [
      -0.8662512898445129,
      5.425180435180664,
      0.0
    ]
  },
  "000_011": {
    "edges": [
      "000_010",
      "000_012"
    ],
    "local_location": [
      -0.7916229963302612,
      3.693868637084961,
      0.0
    ]
  },
  "000_012": {
    "edges": [
      "000_000",
      "000_001",
      "000_011"
    ],
    "local_location": [
      -0.8999837636947632,
      2.0442018508911133,
      0.0
    ]
  }
}